{
  "parent": "builtin/entity",
  "textures": {
    "particle": "aimod:item/baseball_bat"
  },
  "display": {
    "thirdperson_righthand": {
      "rotation": [
        0.03000000000020009,
        -23.889999999999873,
        -0.32999999999992724
      ],
      "translation": [
        -1,
        -1.25,
        0
      ]
    },
    "thirdperson_lefthand": {
      "rotation": [
        0.03000000000020009,
        -23.889999999999873,
        -0.32999999999992724
      ],
      "translation": [
        1.25,
        -1.75,
        1
      ]
    },
    "firstperson_righthand": {
      "rotation": [
        176.44,
        63.07,
        -170.52
      ],
      "translation": [
        3.25,
        -7.25,
        -5.25
      ],
      "scale": [
        1.2,
        1.2,
        1.2
      ]
    },
    "firstperson_lefthand": {
      "rotation": [
        22.59,
        -66.26,
        7.77
      ],
      "translation": [
        5.5,
        -8.5,
        -8.75
      ],
      "scale": [
        1.2,
        1.2,
        1.2
      ]
    },
    "ground": {
      "rotation": [
        0,
        0,
        45
      ],
      "translation": [
        0.25,
        -2.25,
        0
      ],
      "scale": [
        0.6,
        0.6,
        0.6
      ]
    },
    "gui": {
      "rotation": [
        0,
        0,
        -45
      ],
      "translation": [
        -8.85,
        -7.48,
        0
      ],
      "scale": [
        0.95,
        0.95,
        0.95
      ]
    },
    "fixed": {
      "rotation": [
        0,
        0,
        45
      ],
      "translation": [
        9.36,
        -11.1,
        0
      ],
      "scale": [
        1.19,
        1.19,
        1.19
      ]
    },
    "on_shelf": {
      "rotation": [
        0,
        0,
        -45
      ],
      "translation": [
        -7.75,
        0,
        0
      ]
    }
  }
}
