{
  "parent": "builtin/entity",
  "textures": {
    "particle": "aimod:item/canjiaoji"
  },
  "display": {
    "thirdperson_righthand": {
      "rotation": [
        0.03000000000020009,
        -23.889999999999873,
        -0.32999999999992724
      ],
      "translation": [
        0,
        -1.75,
        0.5
      ]
    },
    "thirdperson_lefthand": {
      "rotation": [
        0.03000000000020009,
        -23.889999999999873,
        -0.32999999999992724
      ],
      "translation": [
        0,
        -1.75,
        0.5
      ]
    },
    "firstperson_righthand": {
      "rotation": [
        -134.38999999999987,
        85.55000000000018,
        153.5999999999999
      ],
      "translation": [
        3,
        -5.75,
        -5.25
      ]
    },
    "firstperson_lefthand": {
      "rotation": [
        -134.38999999999987,
        85.55000000000018,
        153.5999999999999
      ],
      "translation": [
        3,
        -5.75,
        -5.25
      ]
    },
    "ground": {
      "rotation": [
        0,
        0,
        45
      ],
      "translation": [
        0.25,
        -1.75,
        0
      ],
      "scale": [
        0.6,
        0.6,
        0.6
      ]
    },
    "gui": {
      "rotation": [
        0,
        0,
        -45
      ],
      "translation": [
        -6.210000000000001,
        -7.5,
        0
      ],
      "scale": [
        1.01,
        1.01,
        1.01
      ]
    },
    "fixed": {
      "rotation": [
        0,
        0,
        45
      ],
      "translation": [
        9.1,
        -7.75,
        0
      ],
      "scale": [
        1.23,
        1.23,
        1.23
      ]
    },
    "on_shelf": {
      "rotation": [
        0,
        0,
        -45
      ],
      "translation": [
        -7.75,
        0,
        0
      ]
    }
  }
}
