{
  "parent": "builtin/entity",
  "textures": {
    "particle": "aimod:item/knife"
  },
  "display": {
    "thirdperson_righthand": {
      "rotation": [
        -113.84999999999991,
        -90,
        -113.69999999999982
      ],
      "translation": [
        0.25,
        -3.75,
        1.25
      ]
    },
    "thirdperson_lefthand": {
      "rotation": [
        -113.84999999999991,
        -90,
        -113.69999999999982
      ],
      "translation": [
        0.25,
        -3.75,
        1.25
      ]
    },
    "firstperson_righthand": {
      "rotation": [
        -159.68,
        80.83,
        179.02
      ],
      "translation": [
        1.75,
        -5.5,
        -5.25
      ],
      "scale": [
        1.2,
        1.2,
        1.2
      ]
    },
    "firstperson_lefthand": {
      "rotation": [
        -159.67999999999984,
        80.82999999999993,
        179.01999999999998
      ],
      "translation": [
        1.75,
        -5.5,
        -5.25
      ],
      "scale": [
        1.2,
        1.2,
        1.2
      ]
    },
    "ground": {
      "rotation": [
        0,
        0,
        45
      ],
      "translation": [
        0.25,
        -2.25,
        0
      ],
      "scale": [
        0.6,
        0.6,
        0.6
      ]
    },
    "gui": {
      "rotation": [
        0,
        0,
        -45
      ],
      "translation": [
        -8.48,
        -7.92,
        0
      ],
      "scale": [
        1.55,
        1.55,
        1.54
      ]
    },
    "fixed": {
      "rotation": [
        0,
        0,
        45
      ],
      "translation": [
        9.25,
        -10,
        0
      ],
      "scale": [
        1.8,
        1.8,
        1.8
      ]
    },
    "on_shelf": {
      "rotation": [
        0,
        0,
        -45
      ],
      "translation": [
        -7.75,
        0,
        0
      ]
    }
  }
}
