{
  "parent": "builtin/entity",
  "textures": {
    "particle": "aimod:item/kris"
  },
  "display": {
    "thirdperson_righthand": {
      "rotation": [
        0.03000000000020009,
        156.11000000000013,
        -0.32999999999992724
      ],
      "translation": [
        1,
        -2,
        0.5
      ]
    },
    "thirdperson_lefthand": {
      "rotation": [
        -3.4299999999998363,
        -10.039999999999964,
        0.599999999999909
      ],
      "translation": [
        1,
        -2,
        0.5
      ]
    },
    "firstperson_righthand": {
      "rotation": [
        -126.51000000000022,
        62.57999999999993,
        127.15999999999985
      ],
      "translation": [
        8,
        -6.75,
        -5.25
      ],
      "scale": [
        1.2,
        1.2,
        1.2
      ]
    },
    "firstperson_lefthand": {
      "rotation": [
        59.48000000000002,
        -67.76999999999998,
        59.210000000000036
      ],
      "translation": [
        9.25,
        -6.5,
        -5.25
      ],
      "scale": [
        1.2,
        1.2,
        1.2
      ]
    },
    "ground": {
      "rotation": [
        0,
        0,
        45
      ],
      "translation": [
        0.25,
        -2.25,
        0
      ],
      "scale": [
        0.6,
        0.6,
        0.6
      ]
    },
    "gui": {
      "rotation": [
        0,
        0,
        -45
      ],
      "translation": [
        -8.4,
        -7.67,
        0
      ],
      "scale": [
        0.95,
        0.95,
        0.95
      ]
    },
    "fixed": {
      "rotation": [
        0,
        0,
        45
      ],
      "translation": [
        9.6,
        -10.5,
        0
      ],
      "scale": [
        1.19,
        1.19,
        1.19
      ]
    },
    "on_shelf": {
      "rotation": [
        0,
        0,
        -45
      ],
      "translation": [
        -7.75,
        0,
        0
      ]
    }
  }
}
