{
  "parent": "builtin/entity",
  "textures": {
    "particle": "aimod:item/kukri"
  },
  "display": {
    "thirdperson_righthand": {
      "rotation": [
        0.03000000000020009,
        -23.889999999999873,
        -0.32999999999992724
      ],
      "translation": [
        0,
        -1.75,
        0.5
      ]
    },
    "thirdperson_lefthand": {
      "rotation": [
        0.03000000000020009,
        -23.889999999999873,
        -0.32999999999992724
      ],
      "translation": [
        0,
        -1.75,
        0.5
      ]
    },
    "firstperson_righthand": {
      "rotation": [
        -110.76000000000022,
        64.86999999999989,
        106.48000000000002
      ],
      "translation": [
        7.75,
        -6,
        -5.25
      ],
      "scale": [
        1.3,
        1.3,
        1.3
      ]
    },
    "firstperson_lefthand": {
      "rotation": [
        49.11999999999989,
        -64.40999999999985,
        57.48999999999978
      ],
      "translation": [
        7.75,
        -6,
        -5.25
      ],
      "scale": [
        1.3,
        1.3,
        1.3
      ]
    },
    "ground": {
      "rotation": [
        0,
        0,
        -45
      ],
      "translation": [
        0.25,
        -2,
        0
      ],
      "scale": [
        0.6,
        0.6,
        0.6
      ]
    },
    "gui": {
      "rotation": [
        0,
        0,
        -45
      ],
      "translation": [
        -7.39,
        -8,
        0
      ],
      "scale": [
        1.16,
        1.16,
        1.16
      ]
    },
    "fixed": {
      "rotation": [
        0,
        -180,
        -45
      ],
      "translation": [
        9.23,
        -10.05,
        0
      ],
      "scale": [
        1.45,
        1.45,
        1.45
      ]
    },
    "on_shelf": {
      "rotation": [
        0,
        0,
        -45
      ],
      "translation": [
        -7.75,
        0,
        0
      ]
    }
  }
}
